Workbook

Sheet messy_customers
A1: Customer ID | B1: Name | C1: Email | D1: Phone | E1: Email Valid | F1: City | G1: State | H1: Zip | I1: SignUp Date | J1: Status | K1: Total Spent | L1: Customer Tier | M1: Days Active
A2: 101 | B2: John Smith | C2: john@gmail.com | D2: 555-1234 | E2: =IF(ISNUMBER(FIND("@",D2)),"Yes","No") -> No | F2: New York | G2: NY | H2: 10001 | I2: 45306 | J2: Active | K2: 250.5 | L2: =IF(K2>400,"Premium", IF(K2>200,"Gold", IF(K2>100,"Silver","Bronze"))) -> Gold | M2: =TODAY()-I2 -> 903
A3: 102 | B3: Jane Doe | C3: jane.doe@email.com | D3: 555-5678 | E3: =IF(ISNUMBER(FIND("@",D3)),"Yes","No") -> No | F3: Los Angeles | G3: CA | H3: 90001 | I3: 45306 | J3: Inactive | K3: 250.5 | L3: =IF(K3>400,"Premium", IF(K3>200,"Gold", IF(K3>100,"Silver","Bronze"))) -> Gold | M3: =TODAY()-I3 -> 903
A4: 103 | B4: Bob Johnson | C4: bob.j@email.com | D4: 555-9012 | E4: =IF(ISNUMBER(FIND("@",D4)),"Yes","No") -> No | F4: Chicago | G4: IL | H4: 60601 | I4: 45342 | J4: Active | K4: 175 | L4: =IF(K4>400,"Premium", IF(K4>200,"Gold", IF(K4>100,"Silver","Bronze"))) -> Silver | M4: =TODAY()-I4 -> 867
A5: 104 | B5: Alice Williams | C5: alice@email.com | D5: 555-3456 | E5: =IF(ISNUMBER(FIND("@",D5)),"Yes","No") -> No | F5: Houston | G5: TX | H5: 77001 | I5: 45323 | J5: Active | K5: 310.75 | L5: =IF(K5>400,"Premium", IF(K5>200,"Gold", IF(K5>100,"Silver","Bronze"))) -> Gold | M5: =TODAY()-I5 -> 886
A6: 105 | B6: Charlie Brown | C6: charlie@email.com | D6: 555-7890 | E6: =IF(ISNUMBER(FIND("@",D6)),"Yes","No") -> No | F6: Phoenix | G6: AZ | H6: 85001 | I6: 45294 | J6: Inactive | K6: 89.99 | L6: =IF(K6>400,"Premium", IF(K6>200,"Gold", IF(K6>100,"Silver","Bronze"))) -> Bronze | M6: =TODAY()-I6 -> 915
A7: 106 | B7: David Miller | C7: david.m@email.com | D7: 555-2345 | E7: =IF(ISNUMBER(FIND("@",D7)),"Yes","No") -> No | F7: Philadelphia | G7: PA | H7: 19101 | I7: 45350 | J7: Active | K7: 420 | L7: =IF(K7>400,"Premium", IF(K7>200,"Gold", IF(K7>100,"Silver","Bronze"))) -> Premium | M7: =TODAY()-I7 -> 859
A8: 107 | B8: Eva Garcia | C8: evag@email.com | D8: 555-6789 | E8: =IF(ISNUMBER(FIND("@",D8)),"Yes","No") -> No | F8: San Antonio | G8: TX | H8: 78201 | I8: 45566 | J8: Active | K8: 250.5 | L8: =IF(K8>400,"Premium", IF(K8>200,"Gold", IF(K8>100,"Silver","Bronze"))) -> Gold | M8: =TODAY()-I8 -> 643
A9: 108 | B9: Frank Wilson | C9: frank.w@email.com | D9: 555-0123 | E9: =IF(ISNUMBER(FIND("@",D9)),"Yes","No") -> No | F9: San Diego | G9: CA | H9: 92101 | I9: 45275 | J9: Inactive | K9: 55.5 | L9: =IF(K9>400,"Premium", IF(K9>200,"Gold", IF(K9>100,"Silver","Bronze"))) -> Bronze | M9: =TODAY()-I9 -> 934
A10: 109 | B10: Grace Lee | C10: grace.lee@email.com | D10: 555-4567 | E10: =IF(ISNUMBER(FIND("@",D10)),"Yes","No") -> No | F10: Dallas | G10: TX | H10: 75201 | I10: 45293 | J10: Active | K10: 180 | L10: =IF(K10>400,"Premium", IF(K10>200,"Gold", IF(K10>100,"Silver","Bronze"))) -> Silver | M10: =TODAY()-I10 -> 916
A11: 110 | B11: Henry Martin | C11: henry.m@email.com | D11: 555-8901 | E11: =IF(ISNUMBER(FIND("@",D11)),"Yes","No") -> No | F11: Austin | G11: TX | H11: 78701 | I11: 45366 | J11: Active | K11: 0 | L11: =IF(K11>400,"Premium", IF(K11>200,"Gold", IF(K11>100,"Silver","Bronze"))) -> Bronze | M11: =TODAY()-I11 -> 843
A12: 111 | B12: Iris Thompson | C12: iris.t@email.com | D12: 555-2345 | E12: =IF(ISNUMBER(FIND("@",D12)),"Yes","No") -> No | F12: Jacksonville | G12: FL | H12: 32201 | I12: 45316 | J12: Active | K12: 295 | L12: =IF(K12>400,"Premium", IF(K12>200,"Gold", IF(K12>100,"Silver","Bronze"))) -> Gold | M12: =TODAY()-I12 -> 893
A13: 112 | B13: Jack Wilson | C13: jack.w@email.com | D13: 555-6789 | E13: =IF(ISNUMBER(FIND("@",D13)),"Yes","No") -> No | F13: Charlotte | G13: NC | H13: 28201 | I13: 44938 | J13: Active | K13: 150 | L13: =IF(K13>400,"Premium", IF(K13>200,"Gold", IF(K13>100,"Silver","Bronze"))) -> Silver | M13: =TODAY()-I13 -> 1271
... A16: 115 | B16: Mia Anderson | C16: mia.a@email.com | D16: 555-8901 | E16: =IF(ISNUMBER(FIND("@",D16)),"Yes","No") -> No | F16: San Francisco | G16: CA | H16: 94101 | I16: 45280 | J16: Inactive | K16: 0 | L16: =IF(K16>400,"Premium", IF(K16>200,"Gold", IF(K16>100,"Silver","Bronze"))) -> Bronze | M16: =TODAY()-I16 -> 929

Sheet Pivot Table 1

Sheet Clean Data
A1: Customer ID | B1: Name | C1: Email | D1: Phone | E1: Email Valid | F1: City | G1: State | H1: Zip | I1: SignUp Date | J1: Status | K1: Total Spent | L1: Customer Tier | M1: Days Active
A2: 101 | B2: John Smith | C2: john@gmail.com | D2: 555-1234 | E2: =IF(ISNUMBER(FIND("@",D2)),"Yes","No") -> No | F2: New York | G2: NY | H2: 10001 | I2: 45306 | J2: Active | K2: 250.5 | L2: =IF(K2>400,"Premium", IF(K2>200,"Gold", IF(K2>100,"Silver","Bronze"))) -> Gold | M2: =TODAY()-I2 -> 903
A3: 102 | B3: Jane Doe | C3: jane.doe@email.com | D3: 555-5678 | E3: =IF(ISNUMBER(FIND("@",D3)),"Yes","No") -> No | F3: Los Angeles | G3: CA | H3: 90001 | I3: 45306 | J3: Inactive | K3: 250.5 | L3: =IF(K3>400,"Premium", IF(K3>200,"Gold", IF(K3>100,"Silver","Bronze"))) -> Gold | M3: =TODAY()-I3 -> 903
A4: 103 | B4: Bob Johnson | C4: bob.j@email.com | D4: 555-9012 | E4: =IF(ISNUMBER(FIND("@",D4)),"Yes","No") -> No | F4: Chicago | G4: IL | H4: 60601 | I4: 45342 | J4: Active | K4: 175 | L4: =IF(K4>400,"Premium", IF(K4>200,"Gold", IF(K4>100,"Silver","Bronze"))) -> Silver | M4: =TODAY()-I4 -> 867
A5: 104 | B5: Alice Williams | C5: alice@email.com | D5: 555-3456 | E5: =IF(ISNUMBER(FIND("@",D5)),"Yes","No") -> No | F5: Houston | G5: TX | H5: 77001 | I5: 45323 | J5: Active | K5: 310.75 | L5: =IF(K5>400,"Premium", IF(K5>200,"Gold", IF(K5>100,"Silver","Bronze"))) -> Gold | M5: =TODAY()-I5 -> 886
A6: 105 | B6: Charlie Brown | C6: charlie@email.com | D6: 555-7890 | E6: =IF(ISNUMBER(FIND("@",D6)),"Yes","No") -> No | F6: Phoenix | G6: AZ | H6: 85001 | I6: 45294 | J6: Inactive | K6: 89.99 | L6: =IF(K6>400,"Premium", IF(K6>200,"Gold", IF(K6>100,"Silver","Bronze"))) -> Bronze | M6: =TODAY()-I6 -> 915
A7: 106 | B7: David Miller | C7: david.m@email.com | D7: 555-2345 | E7: =IF(ISNUMBER(FIND("@",D7)),"Yes","No") -> No | F7: Philadelphia | G7: PA | H7: 19101 | I7: 45350 | J7: Active | K7: 420 | L7: =IF(K7>400,"Premium", IF(K7>200,"Gold", IF(K7>100,"Silver","Bronze"))) -> Premium | M7: =TODAY()-I7 -> 859
A8: 107 | B8: Eva Garcia | C8: evag@email.com | D8: 555-6789 | E8: =IF(ISNUMBER(FIND("@",D8)),"Yes","No") -> No | F8: San Antonio | G8: TX | H8: 78201 | I8: 45566 | J8: Active | K8: 250.5 | L8: =IF(K8>400,"Premium", IF(K8>200,"Gold", IF(K8>100,"Silver","Bronze"))) -> Gold | M8: =TODAY()-I8 -> 643
A9: 108 | B9: Frank Wilson | C9: frank.w@email.com | D9: 555-0123 | E9: =IF(ISNUMBER(FIND("@",D9)),"Yes","No") -> No | F9: San Diego | G9: CA | H9: 92101 | I9: 45275 | J9: Inactive | K9: 55.5 | L9: =IF(K9>400,"Premium", IF(K9>200,"Gold", IF(K9>100,"Silver","Bronze"))) -> Bronze | M9: =TODAY()-I9 -> 934
A10: 109 | B10: Grace Lee | C10: grace.lee@email.com | D10: 555-4567 | E10: =IF(ISNUMBER(FIND("@",D10)),"Yes","No") -> No | F10: Dallas | G10: TX | H10: 75201 | I10: 45293 | J10: Active | K10: 180 | L10: =IF(K10>400,"Premium", IF(K10>200,"Gold", IF(K10>100,"Silver","Bronze"))) -> Silver | M10: =TODAY()-I10 -> 916
A11: 110 | B11: Henry Martin | C11: henry.m@email.com | D11: 555-8901 | E11: =IF(ISNUMBER(FIND("@",D11)),"Yes","No") -> No | F11: Austin | G11: TX | H11: 78701 | I11: 45366 | J11: Active | K11: 0 | L11: =IF(K11>400,"Premium", IF(K11>200,"Gold", IF(K11>100,"Silver","Bronze"))) -> Bronze | M11: =TODAY()-I11 -> 843
A12: 111 | B12: Iris Thompson | C12: iris.t@email.com | D12: 555-2345 | E12: =IF(ISNUMBER(FIND("@",D12)),"Yes","No") -> No | F12: Jacksonville | G12: FL | H12: 32201 | I12: 45316 | J12: Active | K12: 295 | L12: =IF(K12>400,"Premium", IF(K12>200,"Gold", IF(K12>100,"Silver","Bronze"))) -> Gold | M12: =TODAY()-I12 -> 893
A13: 112 | B13: Jack Wilson | C13: jack.w@email.com | D13: 555-6789 | E13: =IF(ISNUMBER(FIND("@",D13)),"Yes","No") -> No | F13: Charlotte | G13: NC | H13: 28201 | I13: 44938 | J13: Active | K13: 150 | L13: =IF(K13>400,"Premium", IF(K13>200,"Gold", IF(K13>100,"Silver","Bronze"))) -> Silver | M13: =TODAY()-I13 -> 1271
... A16: 115 | B16: Mia Anderson | C16: mia.a@email.com | D16: 555-8901 | E16: =IF(ISNUMBER(FIND("@",D16)),"Yes","No") -> No | F16: San Francisco | G16: CA | H16: 94101 | I16: 45280 | J16: Inactive | K16: 0 | L16: =IF(K16>400,"Premium", IF(K16>200,"Gold", IF(K16>100,"Silver","Bronze"))) -> Bronze | M16: =TODAY()-I16 -> 929

Sheet Pivot Table 3

Sheet Pivot Table 2

Sheet Dashboard

Sheet Sheet3
A1: Metric | B1: Formula | C1: Value
A2: Total Customers | B2: =COUNTA('Clean Data'!A:A) -> 16
A3: Active Customers | B3: =COUNTIF('Clean Data'!J:J,"Active") -> 10
A4: Total Revenue | B4: =SUM('Clean Data'!K:K) -> 3002.74
A5: Avg. Customer Spend | B5: =AVERAGE('Clean Data'!K:K) -> 200.18267
A6: Top Customer | B6: {=INDEX('Clean Data'!B:B,MATCH(MAX('Clean Data'!K:K),'Clean Data'!K:K,0))} -> Leo Martinez
